name,model,learning_rate,batch_size,dropout,augmentation,parameters,epochs,best_val_top1,final_val_top1,test_top1,test_top5,test_loss,elapsed_seconds
cnn_augmented,cnn,0.0005,64,0.25,True,3295268,50,0.6532,0.6424,0.648,0.8812,1.3520223905563356,267.92875242233276
cnn_lr_5e-4,cnn,0.0005,64,0.25,False,3295268,50,0.5672,0.5548,0.5708,0.8337,2.3879188285827637,246.2795217037201
cnn_dropout_0,cnn,0.0005,64,0.0,False,3295268,50,0.5574,0.5382,0.5543,0.8199,3.2861355785369875,241.19911003112793
cnn_dropout_50,cnn,0.0005,64,0.5,False,3295268,50,0.5542,0.5358,0.5594,0.8215,2.6625539844512938,245.96037983894348
cnn_lr_1e-3,cnn,0.001,64,0.25,False,3295268,50,0.5404,0.5226,0.5364,0.8078,3.05650795211792,249.89705204963684
mlp_baseline,mlp,0.001,64,0.25,False,3722852,50,0.1702,0.1624,0.1786,0.4062,3.6157712989807127,159.62610363960266
